record_id,month,day,year,site_id,species_id,sex,hindfoot_length,weight
31711,1,21,2001,1,PB,F,26,25
31712,1,21,2001,1,DM,M,37,43
31713,1,21,2001,1,PB,M,29,44
31714,1,21,2001,1,DO,M,34,53
31715,1,21,2001,2,OT,M,20,27
31716,1,21,2001,2,RM,M,17,11
31717,1,21,2001,2,NL,M,33,121
31718,1,21,2001,2,DM,F,34,44
31719,1,21,2001,2,PB,M,26,42
31720,1,21,2001,2,PB,M,27,41
31721,1,21,2001,2,NL,F,31,158
31722,1,21,2001,12,DO,M,34,54
31723,1,21,2001,12,DM,F,37,49
31724,1,21,2001,12,OT,F,20,21
31725,1,21,2001,12,DM,M,36,43
31726,1,21,2001,19,PB,M,26,27
31727,1,21,2001,19,PB,M,26,42
31728,1,21,2001,19,PP,M,20,11
31729,1,21,2001,18,PB,F,26,29
31730,1,21,2001,17,OT,M,21,23
31731,1,21,2001,17,DM,M,37,49
31732,1,21,2001,17,DM,M,36,48
31733,1,21,2001,17,DM,F,37,43
31734,1,21,2001,17,DM,F,37,41
31735,1,21,2001,17,OT,F,20,26
31736,1,21,2001,17,DM,F,34,41
31737,1,21,2001,17,OT,M,20,20
31738,1,21,2001,22,PB,M,28,36
31739,1,21,2001,22,PB,M,27,40
31740,1,21,2001,22,PB,F,26,32
31741,1,21,2001,22,PB,F,26,25
31742,1,21,2001,21,PB,F,25,27
31743,1,21,2001,21,PB,F,27,30
31744,1,21,2001,21,PB,F,25,27
31745,1,21,2001,21,PB,F,27,29
31746,1,21,2001,20,PB,F,27,29
31747,1,21,2001,7,OT,M,20,26
31748,1,21,2001,7,DO,M,34,47
31751,1,22,2001,3,PB,M,25,40
31752,1,22,2001,3,PB,F,25,30
31753,1,22,2001,3,PB,M,26,40
31754,1,22,2001,3,OT,M,21,25
31755,1,22,2001,3,OT,F,21,25
31756,1,22,2001,3,PB,M,26,29
31757,1,22,2001,4,PB,M,27,36
31759,1,22,2001,4,OT,M,20,22
31760,1,22,2001,4,DM,M,36,48
31761,1,22,2001,6,OT,M,21,24
31762,1,22,2001,6,OT,F,20,26
31763,1,22,2001,6,PM,F,20,27
31764,1,22,2001,6,PB,F,26,29
31765,1,22,2001,6,PB,F,25,30
31766,1,22,2001,6,PB,M,27,35
31768,1,22,2001,11,DM,M,36,45
31769,1,22,2001,11,DM,M,37,54
31770,1,22,2001,11,DM,M,37,46
31771,1,22,2001,11,DM,F,34,41
31772,1,22,2001,9,DM,M,35,42
31773,1,22,2001,9,DM,F,37,44
31774,1,22,2001,9,DM,M,36,48
31775,1,22,2001,9,DM,M,36,49
31777,1,22,2001,13,PB,F,26,31
31778,1,22,2001,13,PB,F,25,36
31779,1,22,2001,13,PP,M,21,12
31780,1,22,2001,14,DM,F,36,36
31781,1,22,2001,14,DM,F,36,41
31782,1,22,2001,14,DM,M,37,47
31783,1,22,2001,14,DM,F,36,42
31784,1,22,2001,14,DM,F,36,40
31785,1,22,2001,14,DM,M,36,50
31786,1,22,2001,15,OT,M,21,22
31790,3,3,2001,1,PB,M,27,36
31791,3,3,2001,1,PB,F,24,25
31792,3,3,2001,2,DM,F,35,45
31793,3,3,2001,2,PB,M,26,41
31794,3,3,2001,12,OT,M,21,24
31795,3,3,2001,19,PB,M,28,40
31796,3,3,2001,19,RM,F,17,16
31797,3,3,2001,19,PB,M,27,27
31798,3,3,2001,18,RM,F,17,17
31799,3,3,2001,18,PB,M,26,40
31800,3,3,2001,18,PB,F,27,33
31802,3,3,2001,17,DM,F,38,58
31803,3,3,2001,17,RM,M,16,8
31804,3,3,2001,17,OT,M,21,27
31805,3,3,2001,17,DM,F,37,41
31806,3,3,2001,17,DM,F,36,40
31807,3,3,2001,17,OT,F,20,25
31808,3,3,2001,22,PB,M,26,31
31810,3,3,2001,22,PB,M,27,43
31811,3,3,2001,22,PB,F,26,27
31812,3,3,2001,22,PB,M,26,35
31813,3,3,2001,22,PB,M,37,41
31814,3,3,2001,21,PB,F,26,35
31816,3,3,2001,20,PB,F,26,30
31817,3,3,2001,20,NL,M,30,109
31818,3,3,2001,20,RM,M,17,11
31822,3,4,2001,4,DM,F,37,45
31823,3,4,2001,4,PB,M,26,39
31824,3,4,2001,4,DM,M,37,50
31826,3,4,2001,6,PB,F,26,33
31827,3,4,2001,6,PB,M,26,40
31828,3,4,2001,11,DM,M,36,39
31829,3,4,2001,11,DM,M,37,55
31830,3,4,2001,11,PP,M,22,14
31831,3,4,2001,11,PB,F,26,29
31832,3,4,2001,9,DM,F,36,58
31833,3,4,2001,9,DM,M,36,50
31834,3,4,2001,9,DM,M,37,51
31835,3,4,2001,9,PP,M,23,14
31836,3,4,2001,9,DM,M,37,50
31837,3,4,2001,9,DM,M,38,54
31838,3,4,2001,9,DM,F,36,45
31840,3,4,2001,8,DM,M,37,52
31842,3,4,2001,13,PB,F,25,44
31843,3,4,2001,13,PB,F,26,39
31844,3,4,2001,14,DM,M,37,53
31845,3,4,2001,14,DM,M,38,49
31846,3,4,2001,14,DM,F,35,44
31847,3,4,2001,14,DM,F,35,44
31848,3,4,2001,15,PP,M,22,14
31849,3,4,2001,15,OT,F,20,24
31854,3,24,2001,1,PB,F,26,29
31855,3,24,2001,1,DM,F,35,47
31856,3,24,2001,1,PP,F,22,16
31857,3,24,2001,2,PB,M,26,40
31858,3,24,2001,2,DM,M,37,53
31859,3,24,2001,2,DM,F,36,60
31860,3,24,2001,2,DM,M,37,47
31861,3,24,2001,2,DM,M,37,48
31862,3,24,2001,2,NL,F,32,252
31863,3,24,2001,12,PP,M,22,20
31864,3,24,2001,12,OT,M,20,24
31865,3,24,2001,12,DM,F,37,58
31867,3,24,2001,12,NL,F,32,207
31869,3,24,2001,19,PB,M,26,46
31870,3,24,2001,18,RM,F,17,15
31871,3,24,2001,17,DM,F,37,55
31872,3,24,2001,17,OT,F,22,26
31874,3,24,2001,17,DM,F,37,48
31875,3,24,2001,17,DM,M,38,48
31876,3,24,2001,17,PP,M,16,13
31877,3,24,2001,17,DM,M,38,45
31878,3,24,2001,17,DM,F,38,56
31879,3,24,2001,17,DM,F,35,45
31881,3,24,2001,22,PB,F,27,40
31882,3,24,2001,21,PB,M,27,34
31883,3,24,2001,21,PB,F,25,36
31884,3,24,2001,21,PB,F,28,48
31885,3,24,2001,21,PB,F,26,37
31886,3,24,2001,20,PP,M,22,21
31888,3,25,2001,3,PB,M,26,34
31889,3,25,2001,3,PB,F,27,36
31890,3,25,2001,3,PB,M,27,44
31891,3,25,2001,4,PF,M,17,8
31892,3,25,2001,4,OT,F,21,29
31893,3,25,2001,4,PB,M,27,49
31894,3,25,2001,4,DM,M,38,51
31895,3,25,2001,4,PB,M,26,42
31896,3,25,2001,4,OT,F,21,30
31897,3,25,2001,11,PB,M,27,37
31898,3,25,2001,11,DM,F,36,51
31899,3,25,2001,11,DM,M,37,53
31900,3,25,2001,9,OT,M,21,29
31902,3,25,2001,9,DM,F,37,47
31903,3,25,2001,9,DM,M,37,51
31904,3,25,2001,9,DM,M,36,52
31905,3,25,2001,9,DM,M,36,51
31906,3,25,2001,8,OT,F,22,32
31907,3,25,2001,8,PP,M,22,15
31908,3,25,2001,8,PP,M,22,21
31909,3,25,2001,8,PP,M,22,21
31910,3,25,2001,8,PP,M,20,16
31911,3,25,2001,8,PM,F,20,22
31912,3,25,2001,8,PP,F,22,16
31913,3,25,2001,8,PP,M,22,20
31914,3,25,2001,13,PB,F,25,39
31915,3,25,2001,13,PB,M,26,44
31916,3,25,2001,13,PP,M,22,13
31917,3,25,2001,13,PP,M,21,16
31918,3,25,2001,14,DM,M,38,50
31919,3,25,2001,14,DM,M,36,48
31921,3,25,2001,14,PP,M,22,21
31922,3,25,2001,14,DM,F,35,54
31923,3,25,2001,14,PP,M,23,22
31924,3,25,2001,14,DM,M,35,54
31925,3,25,2001,14,PP,M,22,20
31926,3,25,2001,14,PP,F,23,16
31927,3,25,2001,14,DM,F,35,59
31928,3,25,2001,15,PP,M,23,19
31929,3,25,2001,15,PP,F,22,13
31930,3,25,2001,15,OT,F,20,42
31936,4,21,2001,1,PP,F,22,26
31937,4,21,2001,1,PB,F,25,30
31938,4,21,2001,1,PP,M,21,19
31939,4,21,2001,1,DM,M,36,49
31941,4,21,2001,1,PB,M,25,24
31942,4,21,2001,1,PP,M,22,22
31943,4,21,2001,1,DO,F,37,68
31944,4,21,2001,2,PP,F,22,21
31945,4,21,2001,2,DM,F,35,47
31946,4,21,2001,2,NL,F,33,145
31947,4,21,2001,2,PP,M,22,24
31948,4,21,2001,2,DM,M,37,52
31949,4,21,2001,12,PP,M,22,21
31950,4,21,2001,12,DO,M,34,54
31951,4,21,2001,12,PP,F,22,24
31952,4,21,2001,12,DO,F,34,60
31953,4,21,2001,12,PP,F,21,23
31954,4,21,2001,12,DM,F,37,57
31956,4,21,2001,24,DO,F,36,76
31957,4,21,2001,24,PP,F,21,16
31958,4,21,2001,24,PE,F,20,22
31959,4,21,2001,19,PB,M,27,50
31960,4,21,2001,18,PB,M,27,50
31961,4,21,2001,18,PB,F,25,17
31962,4,21,2001,17,DM,F,37,50
31963,4,21,2001,17,PP,M,22,18
31964,4,21,2001,17,PP,F,22,20
31965,4,21,2001,17,DM,M,36,49
31966,4,21,2001,17,DM,M,36,49
31968,4,21,2001,17,DM,M,36,37
31969,4,21,2001,17,OT,M,21,28
31970,4,21,2001,17,DM,F,36,50
31971,4,21,2001,17,DM,M,35,50
31972,4,21,2001,17,DM,M,37,50
31973,4,21,2001,20,PB,M,26,39
31974,4,21,2001,20,PB,F,25,37
31976,4,21,2001,20,PB,M,26,38
31977,4,21,2001,20,NL,F,33,218
31978,4,21,2001,21,PB,M,27,35
31979,4,21,2001,21,PB,F,25,54
31980,4,21,2001,21,PB,M,26,34
31981,4,21,2001,21,PB,M,26,37
31982,4,21,2001,21,PB,F,27,37
31983,4,21,2001,21,PB,F,27,35
31984,4,21,2001,22,PF,F,15,7
31985,4,21,2001,22,PB,F,26,33
31986,4,21,2001,22,PB,F,27,35
31987,4,21,2001,22,DM,M,37,53
31988,4,21,2001,7,OT,F,21,27
31991,4,22,2001,3,PB,F,27,40
31992,4,22,2001,3,PB,M,24,34
31993,4,22,2001,4,OT,F,20,32
31994,4,22,2001,4,DM,M,37,53
31995,4,22,2001,4,DM,F,36,55
31996,4,22,2001,6,PB,M,25,39
31997,4,22,2001,6,PP,M,21,23
31998,4,22,2001,6,PB,M,26,46
31999,4,22,2001,6,PP,F,21,20
32000,4,22,2001,6,PP,M,22,22
32001,4,22,2001,6,PB,F,26,49
32002,4,22,2001,6,SH,F,29,132
32003,4,22,2001,11,DM,F,35,49
32004,4,22,2001,11,OT,F,20,26
32005,4,22,2001,11,DM,F,36,49
32006,4,22,2001,11,OT,F,20,14
32007,4,22,2001,9,PP,M,22,18
32010,4,22,2001,9,PP,M,22,17
32011,4,22,2001,9,DM,M,37,52
32012,4,22,2001,9,PP,M,23,21
32013,4,22,2001,9,DM,F,37,47
32014,4,22,2001,9,DM,F,37,53
32015,4,22,2001,8,DO,M,34,59
32016,4,22,2001,8,DO,F,36,59
32017,4,22,2001,8,PP,F,22,19
32018,4,22,2001,14,DM,M,36,53
32019,4,22,2001,14,DM,M,37,49
32020,4,22,2001,14,PF,F,15,7
32021,4,22,2001,14,DM,M,36,56
32022,4,22,2001,14,DM,F,34,46
32023,4,22,2001,14,DO,F,35,52
32024,4,22,2001,14,PM,F,20,31
32025,4,22,2001,14,DM,F,35,55
32026,4,22,2001,15,OT,M,21,29
32027,4,22,2001,15,PP,M,22,20
32028,4,22,2001,15,PP,M,21,18
32029,4,22,2001,15,PF,F,16,9
32030,4,22,2001,15,PP,M,22,23
32031,4,22,2001,15,PP,M,22,22
32032,4,22,2001,16,PP,F,21,21
32035,5,26,2001,1,PP,F,22,21
32036,5,26,2001,1,PP,F,23,29
32037,5,26,2001,1,NL,M,31,94
32038,5,26,2001,1,DO,M,34,55
32039,5,26,2001,1,PB,M,27,31
32040,5,26,2001,1,DM,M,36,48
32041,5,26,2001,1,PP,M,21,20
32042,5,26,2001,1,DO,F,37,68
32044,5,26,2001,2,SH,M,30,79
32045,5,26,2001,2,NL,M,32,135
32046,5,26,2001,12,PP,M,22,17
32047,5,26,2001,12,DO,M,34,49
32048,5,26,2001,12,DO,F,34,27
32049,5,26,2001,12,DM,M,36,48
32050,5,26,2001,12,PE,M,21,20
32051,5,26,2001,12,NL,F,30,204
32052,5,26,2001,19,PB,F,26,27
32053,5,26,2001,19,PB,M,27,36
32054,5,26,2001,22,PB,M,27,30
32055,5,26,2001,22,PB,F,26,33
32057,5,26,2001,22,PB,M,27,40
32058,5,26,2001,22,PB,F,27,31
32060,5,26,2001,18,PE,M,20,23
32061,5,26,2001,18,PB,F,27,31
32062,5,26,2001,17,PB,M,27,29
32063,5,26,2001,17,DM,M,36,52
32064,5,26,2001,17,DM,M,36,48
32066,5,26,2001,17,DM,M,37,46
32067,5,26,2001,17,DM,F,36,41
32068,5,26,2001,17,DM,M,35,47
32069,5,26,2001,17,PP,F,22,19
32070,5,26,2001,17,DM,F,37,47
32071,5,26,2001,17,DM,M,37,49
32072,5,26,2001,17,NL,M,32,127
32073,5,26,2001,21,PB,F,26,44
32074,5,26,2001,21,PB,M,28,31
32075,5,26,2001,21,PB,F,26,39
32076,5,26,2001,20,PB,F,27,35
32077,5,26,2001,20,NL,M,31,115
32078,5,26,2001,20,PB,M,26,25
32079,5,26,2001,20,PB,F,27,32
32080,5,26,2001,20,NL,F,32,205
32082,5,26,2001,20,NL,F,33,200
32083,5,26,2001,24,NL,F,29,146
32084,5,26,2001,24,DO,M,27,51
32085,5,26,2001,7,PB,F,22,37
32088,5,27,2001,3,OT,F,21,25
32089,5,27,2001,3,OT,F,21,35
32090,5,27,2001,3,PB,M,28,30
32092,5,27,2001,4,PF,M,16,8
32093,5,27,2001,4,DM,F,37,51
32094,5,27,2001,4,DM,M,37,52
32095,5,27,2001,4,DM,F,36,36
32096,5,27,2001,4,DM,F,35,49
32097,5,27,2001,4,PB,M,26,39
32098,5,27,2001,4,PP,M,22,18
32099,5,27,2001,6,SH,F,30,86
32100,5,27,2001,6,PB,F,26,33
32101,5,27,2001,6,SH,F,29,123
32102,5,27,2001,6,PB,M,26,18
32103,5,27,2001,6,PB,M,26,40
32104,5,27,2001,6,OT,F,20,34
32105,5,27,2001,6,PB,F,26,44
32106,5,27,2001,6,OT,F,20,14
32107,5,27,2001,11,DM,M,37,55
32109,5,27,2001,11,DM,F,34,48
32110,5,27,2001,11,PP,M,23,13
32111,5,27,2001,11,DM,M,38,50
32112,5,27,2001,11,DM,F,36,48
32113,5,27,2001,9,PP,M,21,16
32114,5,27,2001,9,DM,F,36,52
32115,5,27,2001,9,PP,F,23,18
32116,5,27,2001,9,DM,M,36,50
32117,5,27,2001,9,DM,M,36,50
32118,5,27,2001,9,DM,F,35,40
32119,5,27,2001,9,DM,M,35,49
32120,5,27,2001,8,PB,F,25,34
32121,5,27,2001,8,PB,M,27,40
32122,5,27,2001,8,PP,F,23,20
32123,5,27,2001,8,DO,F,36,59
32124,5,27,2001,8,PB,M,27,34
32125,5,27,2001,8,OT,F,21,32
32126,5,27,2001,8,OT,M,20,31
32127,5,27,2001,8,PP,M,22,17
32128,5,27,2001,8,PP,F,21,21
32129,5,27,2001,13,PB,M,27,26
32130,5,27,2001,13,PB,M,27,29
32131,5,27,2001,14,DM,M,35,25
32132,5,27,2001,14,DO,M,35,56
32134,5,27,2001,14,DM,F,36,58
32135,5,27,2001,14,DM,F,35,47
32136,5,27,2001,14,DM,F,35,50
32137,5,27,2001,14,PP,M,21,19
32138,5,27,2001,14,DM,F,36,36
32139,5,27,2001,14,DM,M,35,55
32140,5,27,2001,14,DM,M,37,46
32141,5,27,2001,14,DM,F,34,41
32142,5,27,2001,14,PP,M,23,13
32143,5,27,2001,14,NL,M,30,80
32144,5,27,2001,15,PB,M,26,40
32145,5,27,2001,15,PP,F,21,19
32147,5,27,2001,15,PP,F,22,21
32148,5,27,2001,15,PF,F,16,8
32149,5,27,2001,5,PE,M,20,19
32152,6,25,2001,1,PB,M,26,38
32153,6,25,2001,1,PB,F,26,29
32154,6,25,2001,1,DO,F,36,54
32155,6,25,2001,1,PP,M,22,12
32156,6,25,2001,1,PP,M,22,20
32157,6,25,2001,1,PP,F,22,21
32158,6,25,2001,1,DO,M,35,26
32159,6,25,2001,1,PP,F,22,25
32160,6,25,2001,1,PB,M,26,39
32161,6,25,2001,1,NL,F,28,159
32162,6,25,2001,2,PP,M,22,22
32163,6,25,2001,2,PP,M,23,16
32164,6,25,2001,2,PP,M,22,17
32166,6,25,2001,2,PB,M,27,36
32167,6,25,2001,2,NL,F,30,173
32169,6,25,2001,12,PP,M,22,24
32170,6,25,2001,12,DM,F,36,30
32171,6,25,2001,12,DO,M,36,43
32172,6,25,2001,12,PP,F,22,19
32173,6,25,2001,12,DO,F,35,53
32174,6,25,2001,12,DM,M,36,48
32176,6,25,2001,12,DM,F,34,33
32177,6,25,2001,12,PP,F,22,19
32178,6,25,2001,12,PP,F,22,15
32179,6,25,2001,12,NL,F,31,221
32180,6,25,2001,19,PB,M,27,40
32181,6,25,2001,18,PB,F,27,22
32182,6,25,2001,18,PB,M,28,42
32183,6,25,2001,18,PB,F,22,42
32184,6,25,2001,18,PF,F,15,7
32185,6,25,2001,18,PB,M,26,34
32186,6,25,2001,18,PB,F,25,18
32188,6,25,2001,17,PP,F,23,18
32189,6,25,2001,17,DM,M,36,29
32190,6,25,2001,17,PP,F,21,10
32191,6,25,2001,17,DM,F,36,51
32192,6,25,2001,17,DM,M,35,47
32193,6,25,2001,17,DM,M,37,40
32194,6,25,2001,17,PB,M,27,37
32195,6,25,2001,17,DM,M,37,46
32196,6,25,2001,17,DM,F,35,43
32197,6,25,2001,17,DM,M,37,50
32198,6,25,2001,17,DM,M,37,50
32199,6,25,2001,17,DM,M,37,30
32200,6,25,2001,17,DM,F,37,46
32201,6,25,2001,22,PB,M,27,26
32202,6,25,2001,22,PB,M,28,41
32204,6,25,2001,22,PB,F,26,33
32205,6,25,2001,22,PB,M,27,32
32206,6,25,2001,22,DM,M,38,56
32207,6,25,2001,22,PP,F,22,17
32208,6,25,2001,21,PB,F,26,39
32209,6,25,2001,21,PB,M,27,24
32211,6,25,2001,21,PB,M,27,34
32212,6,25,2001,21,PB,F,26,26
32213,6,25,2001,21,PB,F,26,41
32214,6,25,2001,21,PB,M,26,19
32215,6,25,2001,20,PB,M,26,20
32216,6,25,2001,20,PB,F,27,37
32217,6,25,2001,20,PB,M,27,29
32218,6,25,2001,20,PF,F,16,8
32219,6,25,2001,20,PP,M,22,16
32220,6,25,2001,20,PB,M,26,19
32221,6,25,2001,20,PB,F,26,17
32222,6,25,2001,20,PE,M,20,12
32223,6,25,2001,20,PP,F,22,20
32224,6,25,2001,20,NL,F,35,168
32225,6,25,2001,23,PF,M,16,7
32228,6,25,2001,24,PE,M,19,17
32229,6,25,2001,24,PP,F,22,18
32254,7,22,2001,3,PB,M,28,37
32255,7,22,2001,3,PB,M,26,32
32256,7,22,2001,3,PP,F,22,17
32257,7,22,2001,3,PB,M,26,20
32258,7,22,2001,3,PB,F,26,21
32259,7,22,2001,3,PB,M,27,37
32260,7,22,2001,3,PB,M,26,39
32261,7,22,2001,3,PB,M,26,33
32262,7,22,2001,3,PB,F,27,27
32263,7,22,2001,3,OT,M,21,31
32264,7,22,2001,3,PP,M,22,13
32265,7,22,2001,3,PB,F,26,30
32266,7,22,2001,3,PP,F,22,15
32267,7,22,2001,4,DM,F,35,49
32268,7,22,2001,4,PF,F,15,9
32269,7,22,2001,4,PB,M,28,29
32270,7,22,2001,4,PB,M,26,22
32271,7,22,2001,4,PP,F,23,17
32272,7,22,2001,4,PP,F,22,19
32273,7,22,2001,4,PP,M,23,18
32274,7,22,2001,4,PP,F,23,18
32275,7,22,2001,4,PF,F,16,9
32276,7,22,2001,6,PB,F,25,34
32277,7,22,2001,6,PB,F,26,25
32278,7,22,2001,6,PP,F,22,16
32279,7,22,2001,6,PB,F,26,29
32280,7,22,2001,6,PP,M,22,15
32281,7,22,2001,6,PB,M,26,31
32282,7,22,2001,6,PP,F,22,21
32283,7,22,2001,6,SH,M,24,28
32284,7,22,2001,6,PB,F,25,24
32285,7,22,2001,6,PB,F,26,19
32286,7,22,2001,6,PB,F,26,29
32287,7,22,2001,6,PP,F,23,17
32288,7,22,2001,6,PP,F,21,17
32289,7,22,2001,11,PB,M,27,26
32290,7,22,2001,11,PP,F,22,25
32292,7,22,2001,11,DM,F,34,47
32293,7,22,2001,11,DM,M,37,42
32294,7,22,2001,11,PP,F,23,18
32295,7,22,2001,11,DM,F,35,59
32296,7,22,2001,11,PP,M,23,17
32297,7,22,2001,11,OT,M,21,27
32298,7,22,2001,9,DM,M,37,49
32299,7,22,2001,9,DM,F,36,48
32301,7,22,2001,9,PP,F,22,11
32302,7,22,2001,9,DM,F,36,43
32304,7,22,2001,9,DM,F,33,25
32305,7,22,2001,9,DM,F,35,42
32306,7,22,2001,9,DM,F,34,25
32307,7,22,2001,8,PP,F,22,21
32308,7,22,2001,8,PP,F,22,19
32310,7,22,2001,8,PB,F,26,27
32311,7,22,2001,8,PP,M,22,16
32312,7,22,2001,8,DO,M,36,53
32313,7,22,2001,8,PB,M,28,22
32314,7,22,2001,8,PP,M,22,13
32315,7,22,2001,8,PP,M,21,9
32316,7,22,2001,8,PP,F,23,17
32317,7,22,2001,8,DO,M,36,46
32318,7,22,2001,8,PB,F,25,21
32319,7,22,2001,8,DO,F,36,61
32322,7,22,2001,8,PP,F,22,15
32323,7,22,2001,8,PB,F,27,23
32324,7,22,2001,8,PB,F,25,33
32325,7,22,2001,8,OT,F,22,27
32326,7,22,2001,13,PB,F,26,27
32327,7,22,2001,13,PB,M,27,39
32329,7,22,2001,13,PB,M,26,43
32330,7,22,2001,13,PP,F,22,20
32331,7,22,2001,13,PB,M,27,33
32332,7,22,2001,13,PB,M,28,43
32333,7,22,2001,13,PP,M,22,13
32334,7,22,2001,14,DM,F,35,25
32335,7,22,2001,14,DM,F,35,47
32336,7,22,2001,14,DM,M,37,47
32337,7,22,2001,14,DM,F,35,54
32338,7,22,2001,14,DO,M,38,45
32341,7,22,2001,14,PP,M,22,18
32342,7,22,2001,14,DM,F,36,48
32343,7,22,2001,14,PP,M,22,16
32344,7,22,2001,14,PP,M,23,13
32345,7,22,2001,14,PB,M,24,14
32346,7,22,2001,14,OT,F,20,35
32347,7,22,2001,15,PP,F,21,20
32348,7,22,2001,15,PB,M,26,29
32349,7,22,2001,15,PP,M,22,17
32350,7,22,2001,15,PP,F,23,20
32351,7,22,2001,15,PP,M,22,17
32352,7,22,2001,15,PB,F,27,30
32353,7,22,2001,15,PP,F,21,21
32354,7,22,2001,15,PP,F,22,21
32356,7,22,2001,15,NL,F,26,146
32357,7,22,2001,15,PP,F,22,16
32358,7,22,2001,16,PP,M,23,16
32359,7,22,2001,16,PP,M,23,18
32360,7,22,2001,16,PE,M,20,18
32363,8,25,2001,1,PP,M,22,16
32364,8,25,2001,1,PB,F,26,40
32365,8,25,2001,1,PP,F,22,20
32366,8,25,2001,1,PB,M,27,42
32367,8,25,2001,1,PB,M,26,33
32368,8,25,2001,1,DO,F,36,50
32369,8,25,2001,1,PB,F,26,34
32370,8,25,2001,1,PB,M,26,20
32371,8,25,2001,1,PP,M,23,16
32372,8,25,2001,1,PP,M,22,14
32373,8,25,2001,1,DM,M,33,39
32374,8,25,2001,1,DO,F,36,54
32375,8,25,2001,1,PP,M,23,17
32376,8,25,2001,1,DO,M,37,57
32378,8,25,2001,2,PP,M,23,19
32379,8,25,2001,2,PP,F,22,17
32380,8,25,2001,2,DM,F,36,49
32382,8,25,2001,2,PB,F,26,32
32383,8,25,2001,2,OT,M,20,25
32384,8,25,2001,2,OT,M,21,23
32385,8,25,2001,2,OT,F,21,31
32386,8,25,2001,2,DM,M,36,46
32387,8,25,2001,2,PP,M,22,18
32389,8,25,2001,2,OT,M,21,26
32390,8,25,2001,2,OT,F,21,23
32391,8,25,2001,2,NL,F,33,193
32392,8,25,2001,12,OT,M,20,25
32393,8,25,2001,12,PP,F,23,19
32394,8,25,2001,12,DM,F,35,50
32395,8,25,2001,12,PP,M,23,25
32396,8,25,2001,12,DO,M,36,58
32397,8,25,2001,12,PP,F,23,19
32398,8,25,2001,12,PP,F,23,41
32399,8,25,2001,12,DM,M,36,47
32400,8,25,2001,12,OT,M,21,20
32401,8,25,2001,12,DO,M,37,57
32402,8,25,2001,12,PP,F,22,16
32403,8,25,2001,12,PP,M,21,17
32404,8,25,2001,24,NL,M,33,195
32405,8,25,2001,24,NL,M,34,171
32408,8,25,2001,19,PB,F,26,31
32409,8,25,2001,19,PP,M,23,20
32410,8,25,2001,19,PP,M,23,19
32411,8,25,2001,19,PB,F,26,28
32412,8,25,2001,19,PP,F,23,17
32413,8,25,2001,19,PF,F,15,9
32414,8,25,2001,19,PB,F,26,30
32415,8,25,2001,18,PB,F,26,26
32416,8,25,2001,18,PB,F,25,30
32417,8,25,2001,18,PB,M,28,44
32418,8,25,2001,18,PB,F,26,30
32419,8,25,2001,18,PF,F,16,11
32420,8,25,2001,17,PP,M,21,16
32421,8,25,2001,17,PB,M,26,34
32422,8,25,2001,17,DM,M,36,41
32423,8,25,2001,17,PP,F,22,20
32424,8,25,2001,17,DM,F,36,50
32425,8,25,2001,17,PF,F,15,16
32426,8,25,2001,17,PP,M,22,15
32427,8,25,2001,17,DM,M,36,49
32428,8,25,2001,17,PB,M,27,35
32430,8,25,2001,17,PB,F,21,26
32431,8,25,2001,17,DM,M,36,44
32432,8,25,2001,17,PB,M,29,42
32433,8,25,2001,22,DM,M,37,43
32434,8,25,2001,22,PB,F,26,30
32435,8,25,2001,22,PB,F,27,31
32436,8,25,2001,22,PB,M,27,44
32437,8,25,2001,22,PP,M,23,18
32438,8,25,2001,22,PB,F,27,27
32439,8,25,2001,22,PP,M,25,20
32440,8,25,2001,22,PB,M,26,28
32441,8,25,2001,22,OT,F,21,21
32442,8,25,2001,22,PB,F,26,31
32443,8,25,2001,23,PE,F,24,24
32444,8,25,2001,23,PE,M,20,22
32445,8,25,2001,21,PB,F,26,28
32446,8,25,2001,21,PB,F,27,31
32447,8,25,2001,21,PB,F,27,30
32448,8,25,2001,21,PB,M,27,36
32449,8,25,2001,21,PB,F,27,39
32450,8,25,2001,21,PB,F,26,33
32451,8,25,2001,21,PB,F,26,23
32452,8,25,2001,21,PB,F,27,32
32453,8,25,2001,21,PB,F,26,37
32455,8,25,2001,21,PB,F,26,36
32456,8,25,2001,21,PB,F,27,31
32457,8,25,2001,21,PB,M,27,37
32459,8,25,2001,20,PB,F,26,29
32460,8,25,2001,20,PB,F,26,33
32461,8,25,2001,20,OT,F,21,20
32462,8,25,2001,20,PP,F,23,20
32463,8,25,2001,20,PP,F,22,17
32464,8,25,2001,20,PB,M,28,38
32465,8,25,2001,20,PB,M,27,33
32466,8,25,2001,20,PB,M,28,36
32467,8,25,2001,20,PB,F,26,35
32468,8,25,2001,20,PP,F,22,21
32469,8,25,2001,20,PP,F,22,18
32471,8,25,2001,20,PP,M,22,18
32472,8,25,2001,20,PB,F,27,27
32474,8,25,2001,7,PP,F,23,19
32475,8,25,2001,7,PP,M,23,16
32476,8,25,2001,7,PP,F,22,22
32477,8,25,2001,7,PB,M,28,32
32479,8,26,2001,3,PP,F,22,15
32480,8,26,2001,3,PP,F,22,15
32482,8,26,2001,3,PB,M,26,40
32484,8,26,2001,3,PB,M,27,33
32485,8,26,2001,3,PB,M,26,34
32486,8,26,2001,3,OT,M,20,24
32487,8,26,2001,3,PB,M,28,42
32488,8,26,2001,3,PB,F,25,28
32489,8,26,2001,3,PB,M,27,42
32490,8,26,2001,4,DM,F,38,51
32491,8,26,2001,4,PB,M,27,37
32492,8,26,2001,4,PP,M,23,21
32493,8,26,2001,4,PB,M,28,40
32494,8,26,2001,4,DM,F,36,48
32495,8,26,2001,4,PB,M,24,20
32496,8,26,2001,4,PP,F,22,18
32497,8,26,2001,4,PF,F,16,8
32498,8,26,2001,4,PP,M,22,16
32499,8,26,2001,6,PB,F,26,28
32500,8,26,2001,6,PB,F,26,28
32501,8,26,2001,6,PB,F,26,27
32502,8,26,2001,6,PP,F,22,17
32503,8,26,2001,6,PB,F,26,30
32504,8,26,2001,6,PB,M,26,24
32505,8,26,2001,6,PB,F,26,37
32506,8,26,2001,6,PP,F,22,17
32507,8,26,2001,6,OT,M,20,20
32508,8,26,2001,6,PB,F,26,24
32509,8,26,2001,6,PB,M,27,31
32510,8,26,2001,6,PB,F,26,29
32511,8,26,2001,6,PP,F,22,20
32512,8,26,2001,6,PP,F,22,16
32513,8,26,2001,6,OT,M,20,21
32514,8,26,2001,6,PP,F,22,15
32515,8,26,2001,6,PB,M,26,23
32516,8,26,2001,6,PB,M,27,28
32517,8,26,2001,11,PB,F,26,21
32518,8,26,2001,11,PB,M,27,31
32519,8,26,2001,11,PP,F,22,16
32520,8,26,2001,11,DM,M,37,49
32521,8,26,2001,11,DM,M,35,28
32522,8,26,2001,11,PB,M,25,18
32523,8,26,2001,11,PP,F,22,18
32524,8,26,2001,11,DM,F,37,44
32525,8,26,2001,11,DM,M,35,46
32526,8,26,2001,11,OT,F,21,24
32527,8,26,2001,11,OT,M,20,27
32528,8,26,2001,11,PB,F,28,30
32529,8,26,2001,11,PE,M,19,18
32530,8,26,2001,11,OT,M,20,20
32531,8,26,2001,11,DM,M,36,50
32532,8,26,2001,9,DM,M,36,45
32533,8,26,2001,9,DM,F,36,49
32534,8,26,2001,9,DM,F,35,41
32535,8,26,2001,9,DM,F,35,44
32536,8,26,2001,9,PP,F,22,17
32537,8,26,2001,9,PP,F,23,15
32538,8,26,2001,9,DM,M,35,24
32539,8,26,2001,9,OT,M,21,25
32540,8,26,2001,8,PP,M,21,13
32541,8,26,2001,8,OT,F,20,30
32542,8,26,2001,8,PB,F,27,32
32543,8,26,2001,8,PP,F,22,21
32544,8,26,2001,8,DO,M,35,59
32545,8,26,2001,8,OT,M,21,19
32546,8,26,2001,8,PB,F,26,25
32547,8,26,2001,8,OT,M,21,22
32548,8,26,2001,8,PP,F,22,18
32549,8,26,2001,8,PP,M,22,19
32550,8,26,2001,8,PB,F,27,30
32551,8,26,2001,8,PP,M,21,15
32552,8,26,2001,8,PP,M,21,16
32553,8,26,2001,8,PB,M,28,34
32554,8,26,2001,8,PP,M,21,13
32555,8,26,2001,8,DO,F,38,64
32556,8,26,2001,8,PP,F,22,16
32557,8,26,2001,8,PP,F,23,16
32558,8,26,2001,8,PP,M,22,16
32559,8,26,2001,13,PP,M,22,18
32560,8,26,2001,13,PB,M,26,31
32561,8,26,2001,13,PB,F,27,33
32562,8,26,2001,13,OT,F,20,17
32564,8,26,2001,13,OT,M,21,24
32565,8,26,2001,13,PB,F,28,40
32566,8,26,2001,13,OT,F,20,21
32567,8,26,2001,13,PB,F,25,28
32568,8,26,2001,14,DM,F,37,51
32569,8,26,2001,14,PB,M,28,29
32570,8,26,2001,14,DM,F,37,38
32571,8,26,2001,14,DM,M,36,31
32572,8,26,2001,14,DM,F,36,45
32573,8,26,2001,14,DM,M,37,33
32575,8,26,2001,14,DM,M,36,46
32576,8,26,2001,14,DM,F,36,44
32577,8,26,2001,14,PP,F,21,13
32578,8,26,2001,14,DM,F,36,51
32579,8,26,2001,14,PP,F,23,15
32581,8,26,2001,15,PP,F,21,16
32582,8,26,2001,15,PP,F,22,18
32583,8,26,2001,15,PB,F,27,34
32584,8,26,2001,15,PP,F,23,17
32585,8,26,2001,15,PB,M,26,32
32589,9,22,2001,1,DM,M,36,42
32590,9,22,2001,1,PB,F,25,26
32591,9,22,2001,1,PP,M,23,19
32592,9,22,2001,1,DO,M,37,58
32593,9,22,2001,1,PB,F,26,30
32594,9,22,2001,1,PP,M,23,19
32595,9,22,2001,1,PB,M,27,43
32596,9,22,2001,1,PP,F,22,18
32597,9,22,2001,1,NL,M,36,187
32598,9,22,2001,2,OT,M,20,24
32599,9,22,2001,2,PP,M,22,20
32600,9,22,2001,2,PB,M,27,40
32601,9,22,2001,2,DM,M,34,24
32602,9,22,2001,2,OT,M,20,23
32603,9,22,2001,2,PB,F,27,34
32604,9,22,2001,2,DM,M,36,47
32605,9,22,2001,2,DM,F,36,43
32606,9,22,2001,2,PP,M,24,19
32607,9,22,2001,2,DM,M,37,50
32608,9,22,2001,2,PP,M,22,18
32609,9,22,2001,2,PP,M,23,17
32610,9,22,2001,12,PP,M,22,21
32611,9,22,2001,12,PP,F,22,17
32612,9,22,2001,12,PP,M,21,15
32613,9,22,2001,12,DO,M,36,58
32614,9,22,2001,12,PP,F,22,19
32615,9,22,2001,12,DM,F,37,45
32616,9,22,2001,12,DM,M,36,49
32617,9,22,2001,12,DO,M,38,60
32618,9,22,2001,12,PE,F,20,21
32619,9,22,2001,12,PP,F,22,18
32620,9,22,2001,19,PB,F,26,30
32621,9,22,2001,19,PB,F,27,30
32622,9,22,2001,19,PB,F,27,27
32624,9,22,2001,19,PP,F,21,16
32625,9,22,2001,19,PB,M,27,41
32626,9,22,2001,19,OT,F,21,21
32627,9,22,2001,19,PP,F,22,16
32628,9,22,2001,19,PB,M,29,42
32629,9,22,2001,19,PP,M,23,20
32630,9,22,2001,19,PB,F,26,25
32631,9,22,2001,18,PB,M,28,43
32632,9,22,2001,18,PB,F,26,29
32633,9,22,2001,18,PB,M,26,32
32634,9,22,2001,18,PB,F,26,30
32635,9,22,2001,18,PB,F,26,25
32636,9,22,2001,18,PB,F,26,27
32637,9,22,2001,18,PB,F,26,25
32638,9,22,2001,18,PB,F,27,31
32639,9,22,2001,17,DM,M,36,44
32641,9,22,2001,17,PB,F,27,33
32642,9,22,2001,17,PP,M,23,18
32643,9,22,2001,17,DM,F,35,57
32644,9,22,2001,17,DM,M,35,48
32645,9,22,2001,17,DM,F,33,26
32646,9,22,2001,17,PB,M,27,41
32647,9,22,2001,17,DM,M,36,49
32648,9,22,2001,17,PB,F,27,29
32649,9,22,2001,17,PP,M,22,17
32650,9,22,2001,17,PP,F,22,18
32651,9,22,2001,17,DM,F,33,21
32652,9,22,2001,20,PB,M,27,32
32653,9,22,2001,20,PB,F,26,32
32654,9,22,2001,20,OT,M,20,20
32655,9,22,2001,20,PB,F,26,28
32656,9,22,2001,20,PB,M,27,37
32657,9,22,2001,20,NL,F,28,191
32658,9,22,2001,20,PP,M,22,15
32659,9,22,2001,20,PB,F,27,34
32660,9,22,2001,20,PB,M,26,29
32661,9,22,2001,20,PP,F,22,18
32662,9,22,2001,23,PB,M,26,34
32663,9,22,2001,21,PB,F,25,31
32664,9,22,2001,21,PB,F,26,30
32665,9,22,2001,21,PB,F,26,33
32666,9,22,2001,21,PB,M,28,38
32667,9,22,2001,21,PB,F,26,30
32668,9,22,2001,21,PB,F,26,32
32669,9,22,2001,21,PB,M,27,33
32670,9,22,2001,21,PB,F,27,32
32672,9,22,2001,21,PB,F,26,39
32673,9,22,2001,21,OT,F,20,22
32674,9,22,2001,21,PB,M,27,36
32675,9,22,2001,21,PB,M,28,33
32676,9,22,2001,21,PB,F,25,30
32677,9,22,2001,21,PB,F,26,26
32678,9,22,2001,22,PB,M,28,40
32679,9,22,2001,22,PP,M,23,17
32680,9,22,2001,22,DM,M,36,56
32681,9,22,2001,22,PB,M,27,32
32682,9,22,2001,22,PB,F,27,26
32683,9,22,2001,22,DM,M,37,50
32684,9,22,2001,22,PB,F,26,28
32685,9,22,2001,22,OT,F,21,19
32686,9,22,2001,7,PP,M,23,16
32687,9,22,2001,7,PP,M,22,19
32688,9,22,2001,7,PP,M,24,16
32689,9,22,2001,24,PP,F,21,16
32690,9,22,2001,24,PF,M,14,6
32691,9,22,2001,24,NL,M,30,197
32692,9,22,2001,24,NL,M,29,185
32693,9,23,2001,3,OT,M,20,21
32694,9,23,2001,3,OT,M,21,24
32695,9,23,2001,3,PP,F,23,15
32696,9,23,2001,3,PP,F,22,14
32697,9,23,2001,3,PB,M,27,35
32698,9,23,2001,3,PB,F,26,34
32699,9,23,2001,3,PB,M,26,35
32700,9,23,2001,3,PB,F,25,28
32701,9,23,2001,3,PB,M,27,40
32702,9,23,2001,3,PP,F,23,15
32703,9,23,2001,3,PB,M,27,49
32704,9,23,2001,3,DO,F,36,53
32705,9,23,2001,3,PB,M,27,41
32706,9,23,2001,3,PB,F,26,27
32707,9,23,2001,3,OT,F,21,30
32708,9,23,2001,3,PI,M,23,17
32709,9,23,2001,4,PP,M,22,14
32710,9,23,2001,4,PP,F,22,12
32711,9,23,2001,4,DO,F,37,57
32712,9,23,2001,4,PB,M,28,43
32713,9,23,2001,4,DM,F,36,47
32714,9,23,2001,4,PF,F,16,10
32715,9,23,2001,4,DM,F,35,24
32716,9,23,2001,4,DM,F,37,52
32718,9,23,2001,4,PP,M,23,20
32719,9,23,2001,4,PB,F,26,24
32720,9,23,2001,4,DM,M,34,23
32721,9,23,2001,6,PB,F,26,29
32722,9,23,2001,6,PP,F,22,15
32723,9,23,2001,6,PB,M,26,32
32724,9,23,2001,6,PB,M,26,31
32725,9,23,2001,6,PB,F,26,30
32726,9,23,2001,6,PB,F,25,28
32727,9,23,2001,6,OT,M,20,23
32728,9,23,2001,6,PB,F,25,25
32729,9,23,2001,6,PB,M,26,31
32730,9,23,2001,6,PB,F,26,34
32731,9,23,2001,6,PB,F,25,26
32732,9,23,2001,11,PB,F,27,32
32733,9,23,2001,11,DM,F,35,52
32734,9,23,2001,11,OT,F,21,20
32735,9,23,2001,11,OT,M,20,22
32736,9,23,2001,11,PP,F,22,17
32738,9,23,2001,11,PB,M,26,20
32739,9,23,2001,11,DM,F,35,51
32740,9,23,2001,11,PB,F,27,29
32741,9,23,2001,11,PB,M,27,32
32742,9,23,2001,11,PB,F,26,26
32743,9,23,2001,9,OT,F,20,18
32744,9,23,2001,9,DM,F,36,47
32745,9,23,2001,9,DM,F,37,51
32746,9,23,2001,9,DM,F,35,41
32747,9,23,2001,9,PP,M,23,19
32748,9,23,2001,9,OT,M,20,23
32749,9,23,2001,9,DM,M,35,42
32750,9,23,2001,9,PP,F,22,15
32751,9,23,2001,9,DM,M,37,47
32752,9,23,2001,9,PP,M,22,24
32754,9,23,2001,8,PB,M,27,34
32755,9,23,2001,8,PP,F,22,15
32756,9,23,2001,8,PP,M,22,15
32757,9,23,2001,8,PB,F,25,27
32758,9,23,2001,8,PB,F,27,31
32759,9,23,2001,8,PP,M,23,16
32760,9,23,2001,8,PP,M,22,20
32761,9,23,2001,8,PP,F,23,15
32762,9,23,2001,8,DO,M,37,53
32763,9,23,2001,8,PP,M,22,16
32764,9,23,2001,8,DO,M,36,60
32765,9,23,2001,8,PB,F,26,35
32766,9,23,2001,13,PP,M,23,17
32767,9,23,2001,13,PB,M,27,33
32769,9,23,2001,13,PB,M,27,32
32770,9,23,2001,13,PB,F,25,28
32771,9,23,2001,13,PB,M,26,41
32772,9,23,2001,13,PP,M,23,17
32773,9,23,2001,13,PB,F,27,35
32774,9,23,2001,13,PB,M,28,47
32775,9,23,2001,13,PP,F,23,14
32776,9,23,2001,13,PB,M,27,42
32777,9,23,2001,14,DM,M,35,27
32778,9,23,2001,14,DM,F,36,45
32780,9,23,2001,14,DM,M,38,52
32781,9,23,2001,14,PP,M,22,13
32782,9,23,2001,14,DM,F,36,39
32783,9,23,2001,14,DM,M,34,21
32784,9,23,2001,14,DM,F,36,30
32786,9,23,2001,14,DM,F,36,43
32787,9,23,2001,14,OT,F,20,24
32788,9,23,2001,14,DM,M,34,26
32789,9,23,2001,15,PP,F,22,13
32790,9,23,2001,15,PB,M,25,27
32791,9,23,2001,15,PP,M,22,15
32792,9,23,2001,15,PB,M,26,33
32794,9,23,2001,15,PB,F,26,27
32796,9,23,2001,15,PB,F,26,32
32797,9,23,2001,15,OT,M,20,24
32798,9,23,2001,5,PE,M,20,16
32799,9,23,2001,5,PP,M,23,36
32801,9,23,2001,16,OT,M,21,21
32802,9,23,2001,16,PB,M,27,26
32803,9,23,2001,16,PP,M,22,17
32805,10,13,2001,1,PP,M,23,18
32806,10,13,2001,1,PB,F,26,27
32807,10,13,2001,1,PB,F,27,26
32808,10,13,2001,1,DO,M,36,58
32809,10,13,2001,1,DM,M,37,44
32810,10,13,2001,1,PP,M,23,17
32811,10,13,2001,1,PB,F,26,29
32812,10,13,2001,1,PB,F,28,30
32813,10,13,2001,1,PB,F,27,31
32814,10,13,2001,1,NL,M,35,188
32815,10,13,2001,2,PE,M,20,31
32816,10,13,2001,2,SH,F,28,101
32817,10,13,2001,2,NL,F,29,72
32818,10,13,2001,2,OT,M,20,26
32819,10,13,2001,2,PP,M,23,19
32820,10,13,2001,2,OT,M,20,21
32821,10,13,2001,2,OT,M,20,22
32823,10,13,2001,2,OT,M,20,26
32824,10,13,2001,2,PP,M,23,19
32825,10,13,2001,2,PB,M,27,41
32826,10,13,2001,2,PB,F,26,32
32827,10,13,2001,2,DM,F,36,47
32828,10,13,2001,2,DM,M,36,46
32829,10,13,2001,2,OT,M,20,22
32830,10,13,2001,2,PP,M,21,16
32831,10,13,2001,12,DO,M,36,52
32832,10,13,2001,12,DM,M,36,49
32833,10,13,2001,12,OT,F,21,26
32834,10,13,2001,12,OT,F,22,21
32835,10,13,2001,12,DO,M,36,59
32836,10,13,2001,12,OT,M,20,27
32837,10,13,2001,12,PP,F,22,18
32838,10,13,2001,12,DM,F,37,47
32839,10,13,2001,19,OT,F,20,22
32840,10,13,2001,19,PB,F,26,30
32841,10,13,2001,19,PB,F,26,27
32842,10,13,2001,19,PP,M,22,17
32843,10,13,2001,19,PB,M,27,44
32844,10,13,2001,19,OT,F,20,26
32845,10,13,2001,19,PP,F,22,16
32846,10,13,2001,19,PP,M,23,20
32847,10,13,2001,18,PB,F,26,30
32848,10,13,2001,18,PP,M,23,17
32849,10,13,2001,18,PB,F,26,30
32850,10,13,2001,18,PF,F,15,8
32851,10,13,2001,18,PB,F,25,26
32852,10,13,2001,18,PB,F,25,26
32853,10,13,2001,18,PB,F,25,26
32854,10,13,2001,17,DM,M,36,43
32856,10,13,2001,17,PB,F,27,31
32857,10,13,2001,17,OT,F,20,21
32858,10,13,2001,17,PB,M,27,41
32859,10,13,2001,17,DM,F,36,45
32860,10,13,2001,17,OT,M,20,25
32862,10,13,2001,17,DM,F,35,51
32863,10,13,2001,22,PB,F,26,26
32864,10,13,2001,22,DM,M,36,47
32865,10,13,2001,22,PP,M,22,32
32866,10,13,2001,22,PB,M,27,41
32867,10,13,2001,22,OT,F,20,22
32868,10,13,2001,22,PB,F,27,30
32870,10,13,2001,22,PB,F,26,30
32871,10,13,2001,22,DM,M,37,57
32872,10,13,2001,22,PB,F,26,27
32874,10,13,2001,21,PB,F,26,30
32875,10,13,2001,21,PB,F,25,31
32876,10,13,2001,21,PB,F,26,29
32878,10,13,2001,21,PB,F,26,26
32879,10,13,2001,21,PB,F,26,35
32880,10,13,2001,21,PB,M,28,37
32881,10,13,2001,21,PB,M,27,32
32882,10,13,2001,21,PB,M,27,35
32883,10,13,2001,21,PB,F,27,30
32884,10,13,2001,20,PB,F,26,29
32885,10,13,2001,20,PB,M,26,35
32886,10,13,2001,20,PE,F,20,19
32887,10,13,2001,20,PB,F,27,35
32888,10,13,2001,20,PB,F,27,31
32889,10,13,2001,20,PB,F,26,26
32890,10,13,2001,23,PE,F,20,20
32891,10,13,2001,24,OT,M,20,22
32892,10,13,2001,24,NL,M,31,187
32893,10,14,2001,3,OT,M,21,23
32894,10,14,2001,3,PB,F,27,32
32895,10,14,2001,3,PE,F,21,22
32896,10,14,2001,3,PF,M,14,7
32897,10,14,2001,3,PB,F,25,28
32898,10,14,2001,3,OT,M,20,22
32899,10,14,2001,3,OT,F,20,22
32900,10,14,2001,3,PB,F,27,29
32901,10,14,2001,3,OT,M,21,25
32902,10,14,2001,3,PP,F,22,15
32903,10,14,2001,3,PB,M,27,49
32904,10,14,2001,3,PI,M,23,19
32905,10,14,2001,3,PB,M,26,35
32906,10,14,2001,3,PB,M,28,42
32907,10,14,2001,3,DO,F,35,55
32908,10,14,2001,3,PB,F,26,34
32909,10,14,2001,3,PB,M,26,37
32910,10,14,2001,4,DM,F,37,60
32911,10,14,2001,4,PB,F,26,30
32912,10,14,2001,4,OT,M,22,25
32913,10,14,2001,4,DM,M,37,39
32914,10,14,2001,4,DO,M,34,37
32915,10,14,2001,4,PF,F,15,7
32916,10,14,2001,4,PF,F,15,9
32917,10,14,2001,4,DM,M,36,53
32918,10,14,2001,4,DM,F,36,48
32919,10,14,2001,4,PB,M,28,44
32920,10,14,2001,4,DO,F,37,50
32921,10,14,2001,4,PF,M,16,7
32922,10,14,2001,4,PP,M,23,19
32923,10,14,2001,4,PB,F,22,23
32924,10,14,2001,4,PB,M,29,48
32925,10,14,2001,4,PF,M,16,8
32926,10,14,2001,4,PF,F,16,8
32927,10,14,2001,4,DM,M,34,37
32928,10,14,2001,6,PB,F,25,26
32929,10,14,2001,6,PB,M,26,31
32930,10,14,2001,6,NL,M,32,178
32931,10,14,2001,6,PB,F,25,29
32932,10,14,2001,6,PB,F,25,27
32933,10,14,2001,6,PB,F,26,29
32934,10,14,2001,6,PB,M,26,34
32935,10,14,2001,6,PB,F,24,26
32936,10,14,2001,6,PB,F,26,30
32937,10,14,2001,6,PP,F,23,16
32938,10,14,2001,6,PB,M,26,32
32939,10,14,2001,6,OT,M,20,22
32940,10,14,2001,6,OT,F,20,27
32941,10,14,2001,6,PB,F,26,34
32942,10,14,2001,6,PB,F,26,29
32943,10,14,2001,11,OT,M,21,21
32944,10,14,2001,11,OT,F,21,28
32945,10,14,2001,11,PB,F,27,30
32946,10,14,2001,11,PB,F,27,31
32947,10,14,2001,11,PB,M,27,31
32948,10,14,2001,11,OT,F,21,24
32949,10,14,2001,11,DM,F,34,42
32950,10,14,2001,11,DM,M,37,59
32951,10,14,2001,11,PP,M,22,16
32952,10,14,2001,11,PP,F,22,18
32953,10,14,2001,11,PP,M,22,20
32954,10,14,2001,11,PB,M,27,32
32955,10,14,2001,11,DM,M,35,41
32956,10,14,2001,11,DM,F,36,50
32957,10,14,2001,9,DM,F,35,48
32958,10,14,2001,9,DM,F,33,22
32959,10,14,2001,9,DM,F,38,38
32961,10,14,2001,9,DM,M,38,41
32962,10,14,2001,9,DM,M,37,48
32963,10,14,2001,9,DM,F,36,41
32964,10,14,2001,9,PP,M,23,18
32965,10,14,2001,9,OT,F,21,25
32966,10,14,2001,9,OT,M,21,22
32967,10,14,2001,9,DM,F,36,44
32968,10,14,2001,9,OT,F,20,37
32969,10,14,2001,9,DM,M,32,22
32970,10,14,2001,8,DO,M,35,57
32971,10,14,2001,8,DO,M,36,53
32972,10,14,2001,8,DO,F,37,59
32973,10,14,2001,8,PB,F,26,25
32974,10,14,2001,8,PP,F,21,12
32975,10,14,2001,8,DO,F,36,34
32976,10,14,2001,8,DO,M,38,55
32977,10,14,2001,8,PB,F,27,31
32978,10,14,2001,8,OT,M,20,26
32979,10,14,2001,8,PB,F,26,26
32980,10,14,2001,8,DO,F,35,47
32981,10,14,2001,8,PP,M,22,15
32982,10,14,2001,8,DM,M,36,40
32983,10,14,2001,8,PB,M,28,36
32984,10,14,2001,8,PB,F,28,33
32986,10,14,2001,13,OT,M,20,26
32987,10,14,2001,13,PB,M,28,47
32988,10,14,2001,13,PB,F,26,28
32989,10,14,2001,13,PB,M,26,33
32990,10,14,2001,13,PF,F,16,14
32991,10,14,2001,13,PB,M,28,33
32992,10,14,2001,13,PB,M,28,40
32993,10,14,2001,13,PB,M,26,44
32994,10,14,2001,13,OT,F,21,19
32995,10,14,2001,14,DM,M,36,37
32996,10,14,2001,14,DM,F,35,48
32997,10,14,2001,14,DM,M,34,36
32998,10,14,2001,14,DM,M,36,50
33000,10,14,2001,14,DM,F,35,49
33001,10,14,2001,14,DM,F,34,45
33002,10,14,2001,14,DM,F,35,30
33003,10,14,2001,14,OT,F,20,24
33004,10,14,2001,14,NL,M,31,174
33006,10,14,2001,15,PP,M,22,14
33007,10,14,2001,15,PP,F,22,14
33008,10,14,2001,15,OT,M,20,14
33009,10,14,2001,15,OT,M,20,14
33010,10,14,2001,15,OT,F,20,20
33011,10,14,2001,15,PB,F,26,28
33012,10,14,2001,15,PP,M,22,14
33013,10,14,2001,15,PB,M,26,35
33014,10,14,2001,16,OT,M,20,23
33015,10,14,2001,16,PB,F,27,28
33016,10,14,2001,16,OT,M,21,23
33017,10,14,2001,16,OT,F,21,24
33021,11,17,2001,1,DO,M,37,59
33022,11,17,2001,1,PB,M,27,39
33023,11,17,2001,1,PB,F,26,31
33024,11,17,2001,1,DM,M,37,42
33025,11,17,2001,1,PP,M,22,18
33026,11,17,2001,1,DO,F,35,33
33027,11,17,2001,2,DM,M,36,48
33028,11,17,2001,2,OT,M,20,21
33029,11,17,2001,2,SH,M,28,65
33030,11,17,2001,2,DO,F,35,46
33031,11,17,2001,2,PB,F,26,32
33032,11,17,2001,2,PE,F,20,21
33033,11,17,2001,2,OT,M,20,25
33034,11,17,2001,2,PP,M,21,16
33035,11,17,2001,2,DM,F,35,47
33036,11,17,2001,2,PE,M,19,22
33037,11,17,2001,2,PB,M,28,41
33038,11,17,2001,2,PB,F,26,35
33039,11,17,2001,2,PB,F,27,31
33040,11,17,2001,2,NL,F,31,119
33041,11,17,2001,2,NL,F,33,213
33042,11,17,2001,12,DO,F,36,46
33043,11,17,2001,12,DO,F,35,54
33044,11,17,2001,12,DM,F,36,45
33045,11,17,2001,12,DO,M,35,55
33046,11,17,2001,12,PE,M,20,22
33047,11,17,2001,12,OT,F,22,20
33048,11,17,2001,12,DO,M,37,61
33049,11,17,2001,12,NL,M,33,280
33050,11,17,2001,19,PP,M,23,19
33051,11,17,2001,19,PB,M,27,44
33052,11,17,2001,19,PB,F,26,27
33053,11,17,2001,19,OT,M,21,21
33054,11,17,2001,19,PB,M,28,51
33055,11,17,2001,19,OT,M,22,22
33056,11,17,2001,19,PB,F,25,29
33057,11,17,2001,19,PB,F,26,29
33058,11,17,2001,19,PE,M,20,18
33059,11,17,2001,18,PB,F,26,30
33060,11,17,2001,18,PB,M,28,49
33061,11,17,2001,18,PB,F,26,27
33062,11,17,2001,18,PB,F,26,25
33063,11,17,2001,18,PB,F,25,25
33064,11,17,2001,18,PB,F,27,29
33065,11,17,2001,18,PB,M,26,30
33066,11,17,2001,18,PB,F,26,29
33068,11,17,2001,17,PB,M,27,41
33069,11,17,2001,17,DM,F,37,48
33070,11,17,2001,17,DM,M,36,44
33071,11,17,2001,17,DM,F,36,44
33072,11,17,2001,17,DM,M,37,50
33073,11,17,2001,17,PB,F,27,32
33074,11,17,2001,17,OT,M,21,22
33075,11,17,2001,17,NL,F,33,158
33076,11,17,2001,20,PB,F,26,31
33078,11,17,2001,20,PB,F,26,27
33079,11,17,2001,20,PB,M,26,30
33080,11,17,2001,20,PE,F,20,21
33081,11,17,2001,20,PE,M,20,22
33082,11,17,2001,20,PB,F,27,36
33083,11,17,2001,20,PB,M,26,35
33084,11,17,2001,20,NL,F,35,96
33085,11,17,2001,20,NL,F,33,186
33086,11,17,2001,21,PB,F,27,30
33088,11,17,2001,21,PB,M,27,36
33089,11,17,2001,21,PB,F,26,29
33090,11,17,2001,21,PB,F,25,30
33091,11,17,2001,21,PB,F,26,33
33092,11,17,2001,21,PB,F,27,29
33093,11,17,2001,21,PB,F,26,31
33094,11,17,2001,21,PB,M,27,31
33095,11,17,2001,21,PB,M,27,34
33096,11,17,2001,22,PB,M,27,41
33097,11,17,2001,22,PB,F,27,31
33098,11,17,2001,22,DM,M,37,50
33099,11,17,2001,22,PB,F,26,29
33100,11,17,2001,22,PB,F,27,27
33101,11,17,2001,22,OT,F,21,22
33102,11,17,2001,22,OT,M,20,20
33103,11,17,2001,7,PB,M,28,41
33104,11,17,2001,7,PP,F,22,20
33105,11,17,2001,7,PP,M,23,17
33106,11,17,2001,7,PE,M,20,18
33107,11,17,2001,23,RM,F,17,9
33108,11,17,2001,23,PE,M,20,23
33111,11,17,2001,24,PE,M,20,18
33112,11,17,2001,24,OT,F,20,23
33113,11,17,2001,24,RM,F,16,9
33114,11,17,2001,24,NL,M,31,175
33115,11,18,2001,3,PB,F,26,29
33116,11,18,2001,3,PB,F,27,32
33117,11,18,2001,3,DM,M,36,52
33118,11,18,2001,3,PB,M,28,47
33119,11,18,2001,3,OT,M,20,24
33120,11,18,2001,3,OT,F,21,22
33121,11,18,2001,3,PE,F,22,24
33122,11,18,2001,3,OT,M,21,26
33123,11,18,2001,3,PF,M,15,7
33124,11,18,2001,3,PB,M,27,37
33125,11,18,2001,3,PB,F,25,30
33126,11,18,2001,3,PB,F,26,32
33127,11,18,2001,3,PB,F,27,34
33128,11,18,2001,3,PB,M,27,38
33129,11,18,2001,3,DM,F,35,42
33130,11,18,2001,3,PP,F,23,15
33131,11,18,2001,3,DO,F,35,51
33132,11,18,2001,4,DM,F,36,31
33133,11,18,2001,4,DO,M,34,39
33134,11,18,2001,4,DM,F,37,45
33135,11,18,2001,4,DO,M,35,45
33136,11,18,2001,4,PB,M,28,52
33137,11,18,2001,4,PB,F,26,24
33139,11,18,2001,4,DO,F,35,36
33140,11,18,2001,4,DM,M,35,40
33141,11,18,2001,4,DM,F,35,30
33142,11,18,2001,4,DM,M,36,43
33144,11,18,2001,4,DM,M,35,48
33145,11,18,2001,4,DM,F,35,49
33146,11,18,2001,5,PE,M,20,18
33147,11,18,2001,6,PB,F,25,30
33148,11,18,2001,6,PB,M,25,26
33149,11,18,2001,6,PB,F,25,26
33151,11,18,2001,6,PB,M,26,34
33152,11,18,2001,6,PB,F,26,31
33153,11,18,2001,6,PB,F,25,35
33154,11,18,2001,6,OT,F,20,27
33156,11,18,2001,6,PB,M,26,33
33158,11,18,2001,11,OT,M,21,22
33159,11,18,2001,11,PB,M,28,32
33160,11,18,2001,11,OT,F,21,24
33161,11,18,2001,11,DM,F,34,44
33162,11,18,2001,11,DO,F,35,42
33163,11,18,2001,11,DO,M,37,51
33164,11,18,2001,11,PB,F,27,29
33165,11,18,2001,11,DM,M,36,35
33166,11,18,2001,11,DM,M,36,59
33167,11,18,2001,11,PB,M,27,32
33168,11,18,2001,11,PB,F,27,27
33170,11,18,2001,11,DM,M,37,43
33171,11,18,2001,9,OT,M,21,23
33172,11,18,2001,9,OT,M,21,19
33173,11,18,2001,9,DM,F,36,43
33174,11,18,2001,9,DM,F,35,38
33175,11,18,2001,9,DM,F,36,48
33176,11,18,2001,9,OT,M,20,20
33177,11,18,2001,9,DM,M,38,46
33178,11,18,2001,9,DM,F,35,45
33179,11,18,2001,8,PB,F,27,33
33180,11,18,2001,8,OT,F,20,23
33181,11,18,2001,8,OT,M,21,23
33182,11,18,2001,8,PB,F,27,31
33184,11,18,2001,8,PB,F,26,26
33185,11,18,2001,8,DO,M,35,52
33186,11,18,2001,8,DO,M,37,54
33187,11,18,2001,8,DM,M,36,38
33189,11,18,2001,8,DO,F,36,42
33190,11,18,2001,8,DO,M,35,58
33191,11,18,2001,8,PB,F,26,27
33192,11,18,2001,13,OT,M,22,23
33194,11,18,2001,13,PE,M,20,20
33195,11,18,2001,13,PB,M,27,31
33196,11,18,2001,13,PB,M,27,34
33197,11,18,2001,13,PB,M,27,48
33198,11,18,2001,13,OT,F,20,20
33199,11,18,2001,13,PB,M,27,50
33200,11,18,2001,13,OT,F,21,18
33201,11,18,2001,13,PB,F,26,27
33202,11,18,2001,14,DM,F,36,36
33204,11,18,2001,14,DM,F,34,45
33205,11,18,2001,14,OT,F,20,23
33206,11,18,2001,14,DM,F,35,45
33207,11,18,2001,14,DM,M,35,41
33209,11,18,2001,15,OT,F,20,19
33210,11,18,2001,15,PB,M,27,38
33212,11,18,2001,15,PB,F,26,29
33213,11,18,2001,16,DM,M,36,55
33214,11,18,2001,16,OT,F,21,18
33215,11,18,2001,16,OT,M,21,25
33216,11,18,2001,16,PB,M,27,30
33217,11,18,2001,16,DO,F,34,46
33218,11,18,2001,16,PB,F,26,23
33220,12,15,2001,1,PB,M,28,40
33221,12,15,2001,1,DO,M,36,59
33222,12,15,2001,1,DO,M,34,46
33223,12,15,2001,1,DM,M,36,44
33224,12,15,2001,1,DO,M,35,41
33225,12,15,2001,1,NL,M,34,231
33226,12,15,2001,2,PP,M,21,17
33227,12,15,2001,2,OT,M,20,23
33228,12,15,2001,2,PE,F,20,20
33229,12,15,2001,2,OT,M,20,23
33230,12,15,2001,2,DO,M,35,45
33231,12,15,2001,2,PE,M,20,22
33232,12,15,2001,2,DM,F,36,45
33233,12,15,2001,2,DO,M,36,52
33234,12,15,2001,2,DM,M,37,48
33235,12,15,2001,2,PB,M,28,43
33236,12,15,2001,2,PB,F,27,34
33237,12,15,2001,2,NL,F,33,126
33238,12,15,2001,2,NL,F,32,198
33239,12,15,2001,12,DM,M,36,39
33240,12,15,2001,12,DO,F,37,52
33241,12,15,2001,12,DO,M,36,60
33242,12,15,2001,12,DM,F,36,46
33243,12,15,2001,12,DO,M,36,55
33244,12,15,2001,19,PB,M,28,51
33245,12,15,2001,19,PB,F,26,30
33246,12,15,2001,19,OT,F,20,22
33247,12,15,2001,19,PB,M,27,43
33248,12,15,2001,19,PB,F,27,27
33249,12,15,2001,19,PE,F,20,14
33250,12,15,2001,19,OT,F,20,21
33251,12,15,2001,19,PB,F,26,29
33252,12,15,2001,19,PB,F,27,29
33253,12,15,2001,19,OT,M,20,24
33254,12,15,2001,18,PB,M,28,50
33255,12,15,2001,18,PB,F,26,31
33256,12,15,2001,18,SH,M,27,50
33257,12,15,2001,18,PB,F,26,25
33258,12,15,2001,18,RM,M,11,16
33259,12,15,2001,18,RM,F,16,12
33260,12,15,2001,18,PB,M,26,32
33261,12,15,2001,18,PB,F,25,26
33262,12,15,2001,18,PB,F,26,28
33263,12,15,2001,18,PB,F,26,29
33264,12,15,2001,17,DM,F,34,46
33265,12,15,2001,17,DM,M,36,51
33266,12,15,2001,17,OT,M,20,22
33267,12,15,2001,17,OT,F,20,19
33268,12,15,2001,17,DM,F,36,46
33269,12,15,2001,17,DM,M,36,43
33270,12,15,2001,17,PB,M,27,45
33271,12,15,2001,17,PB,F,27,32
33272,12,15,2001,17,NL,F,32,156
33273,12,15,2001,22,PB,M,27,43
33274,12,15,2001,22,OT,F,21,24
33276,12,15,2001,22,DM,M,37,51
33277,12,15,2001,22,OT,M,20,22
33278,12,15,2001,22,PB,F,26,32
33279,12,15,2001,22,PP,M,21,14
33280,12,15,2001,22,PB,F,26,30
33281,12,15,2001,21,PB,M,27,35
33282,12,15,2001,21,PB,F,26,30
33283,12,15,2001,21,PB,F,27,30
33284,12,15,2001,21,PB,F,25,27
33285,12,15,2001,21,PB,M,27,35
33286,12,15,2001,21,PB,F,26,29
33287,12,15,2001,21,PB,F,26,29
33288,12,15,2001,21,PB,F,26,30
33289,12,15,2001,21,PB,M,27,31
33290,12,15,2001,23,RM,M,16,9
33291,12,15,2001,23,PE,M,20,18
33292,12,15,2001,23,RM,F,16,8
33293,12,15,2001,20,PE,F,20,22
33294,12,15,2001,20,SH,M,25,43
33295,12,15,2001,20,PB,F,27,33
33296,12,15,2001,20,PB,M,25,35
33297,12,15,2001,20,RM,M,16,11
33298,12,15,2001,20,RM,F,16,8
33299,12,15,2001,20,PB,F,25,28
33300,12,15,2001,20,PB,F,26,30
33301,12,15,2001,20,PB,F,27,31
33302,12,15,2001,24,PE,M,20,24
33303,12,15,2001,24,PE,M,20,23
33304,12,15,2001,24,RM,M,16,10
33305,12,15,2001,7,PB,M,29,44
33306,12,15,2001,7,OT,M,19,21
33307,12,15,2001,7,OT,M,20,19
33308,12,15,2001,7,PP,M,24,16
